<?xml version="1.0" encoding="UTF-8" standalone="yes"?>
<ventasarticulos>
    <articulo>
        <codigo>ART-112</codigo>
        <denominacion>Pala Padel NOX</denominacion>
        <stock>45</stock>
        <precio>70</precio>
    </articulo>
    <ventas>
        <venta>
            <numventa>11</numventa>
            <unidades>2</unidades>
            <nombrecliente>Pedro García</nombrecliente>
            <fecha>15-10-2023</fecha>
        </venta>
        <venta>
            <numventa>98</numventa>
            <unidades>98</unidades>
            <nombrecliente>Juan garcía</nombrecliente>
            <fecha>05/09/2020</fecha>
        </venta>
        <venta>
            <numventa>13</numventa>
            <unidades>24</unidades>
            <nombrecliente>Josefa Valdomero</nombrecliente>
            <fecha>19/12/2012</fecha>
        </venta>
        <venta>
            <numventa>28</numventa>
            <unidades>39</unidades>
            <nombrecliente>German Palomares</nombrecliente>
            <fecha>05/08/2020</fecha>
        </venta>
        <venta>
            <numventa>666</numventa>
            <unidades>125</unidades>
            <nombrecliente>Joado</nombrecliente>
            <fecha>22/12/2023</fecha>
        </venta>
    </ventas>
</ventasarticulos>
